cbsa_code,date,employment
31080,2024-12-01,6303.0
31080,2024-11-01,6284.9
31080,2024-10-01,6282.0
31080,2024-09-01,6267.0
31080,2024-08-01,6275.7
31080,2024-07-01,6274.1
31080,2024-06-01,6259.1
31080,2024-05-01,6271.2
31080,2024-04-01,6277.5
31080,2024-03-01,6291.0
31080,2024-02-01,6287.8
31080,2024-01-01,6313.5
31080,2023-12-01,6252.0
31080,2023-11-01,6233.4
31080,2023-10-01,6233.0
31080,2023-09-01,6230.1
31080,2023-08-01,6223.5
31080,2023-07-01,6222.6
31080,2023-06-01,6234.0
31080,2023-05-01,6234.1
31080,2023-04-01,6217.9
31080,2023-03-01,6220.4
31080,2023-02-01,6218.3
31080,2023-01-01,6224.0
31080,2022-12-01,6228.6
31080,2022-11-01,6229.3
31080,2022-10-01,6228.5
31080,2022-09-01,6229.6
31080,2022-08-01,6229.0
31080,2022-07-01,6226.0
31080,2022-06-01,6206.5
31080,2022-05-01,6197.0
31080,2022-04-01,6193.6
31080,2022-03-01,6166.4
31080,2022-02-01,6147.7
31080,2022-01-01,6093.9
31080,2021-12-01,6099.8
31080,2021-11-01,6090.2
31080,2021-10-01,6064.7
31080,2021-09-01,5963.3
31080,2021-08-01,5992.1
31080,2021-07-01,5948.9
31080,2021-06-01,5869.9
31080,2021-05-01,5854.7
31080,2021-04-01,5811.2
31080,2021-03-01,5736.7
31080,2021-02-01,5681.5
31080,2021-01-01,5600.0
31080,2020-12-01,5635.9
31080,2020-11-01,5684.5
31080,2020-10-01,5654.6
31080,2020-09-01,5552.1
31080,2020-08-01,5504.5
31080,2020-07-01,5492.3
31080,2020-06-01,5468.7
31080,2020-05-01,5294.5
31080,2020-04-01,5257.8
31080,2020-03-01,6236.1
31080,2020-02-01,6317.4
31080,2020-01-01,6310.2
41860,2024-12-01,2441.6
41860,2024-11-01,2440.6
41860,2024-10-01,2438.5
41860,2024-09-01,2434.1
41860,2024-08-01,2431.1
41860,2024-07-01,2438.0
41860,2024-06-01,2437.4
41860,2024-05-01,2445.0
41860,2024-04-01,2444.1
41860,2024-03-01,2447.9
41860,2024-02-01,2448.8
41860,2024-01-01,2467.3
41860,2023-12-01,2450.4
41860,2023-11-01,2450.5
41860,2023-10-01,2453.5
41860,2023-09-01,2459.6
41860,2023-08-01,2455.3
41860,2023-07-01,2453.3
41860,2023-06-01,2463.3
41860,2023-05-01,2465.4
41860,2023-04-01,2467.2
41860,2023-03-01,2465.9
41860,2023-02-01,2469.6
41860,2023-01-01,2472.5
41860,2022-12-01,2474.0
41860,2022-11-01,2478.0
41860,2022-10-01,2473.5
41860,2022-09-01,2475.9
41860,2022-08-01,2476.8
41860,2022-07-01,2471.1
41860,2022-06-01,2469.3
41860,2022-05-01,2462.0
41860,2022-04-01,2455.2
41860,2022-03-01,2452.8
41860,2022-02-01,2441.8
41860,2022-01-01,2430.7
41860,2021-12-01,2425.2
41860,2021-11-01,2412.0
41860,2021-10-01,2404.6
41860,2021-09-01,2365.8
41860,2021-08-01,2361.7
41860,2021-07-01,2347.9
41860,2021-06-01,2321.3
41860,2021-05-01,2310.8
41860,2021-04-01,2297.9
41860,2021-03-01,2277.3
41860,2021-02-01,2260.8
41860,2021-01-01,2237.3
41860,2020-12-01,2246.1
41860,2020-11-01,2255.8
41860,2020-10-01,2249.7
41860,2020-09-01,2227.3
41860,2020-08-01,2212.6
41860,2020-07-01,2197.5
41860,2020-06-01,2190.7
41860,2020-05-01,2151.2
41860,2020-04-01,2114.5
41860,2020-03-01,2495.5
41860,2020-02-01,2522.4
41860,2020-01-01,2518.9
41740,2024-12-01,1566.3
41740,2024-11-01,1560.0
41740,2024-10-01,1561.3
41740,2024-09-01,1551.5
41740,2024-08-01,1555.3
41740,2024-07-01,1556.6
41740,2024-06-01,1554.4
41740,2024-05-01,1554.6
41740,2024-04-01,1556.2
41740,2024-03-01,1557.7
41740,2024-02-01,1557.0
41740,2024-01-01,1566.3
41740,2023-12-01,1554.0
41740,2023-11-01,1552.4
41740,2023-10-01,1552.8
41740,2023-09-01,1555.7
41740,2023-08-01,1553.2
41740,2023-07-01,1549.5
41740,2023-06-01,1554.2
41740,2023-05-01,1552.0
41740,2023-04-01,1544.4
41740,2023-03-01,1547.5
41740,2023-02-01,1546.3
41740,2023-01-01,1543.8
41740,2022-12-01,1547.3
41740,2022-11-01,1545.2
41740,2022-10-01,1543.1
41740,2022-09-01,1541.7
41740,2022-08-01,1536.6
41740,2022-07-01,1533.0
41740,2022-06-01,1531.0
41740,2022-05-01,1528.4
41740,2022-04-01,1526.7
41740,2022-03-01,1520.4
41740,2022-02-01,1514.3
41740,2022-01-01,1504.1
41740,2021-12-01,1499.9
41740,2021-11-01,1495.4
41740,2021-10-01,1488.4
41740,2021-09-01,1465.6
41740,2021-08-01,1460.2
41740,2021-07-01,1454.4
41740,2021-06-01,1433.0
41740,2021-05-01,1426.2
41740,2021-04-01,1416.6
41740,2021-03-01,1403.1
41740,2021-02-01,1394.1
41740,2021-01-01,1367.3
41740,2020-12-01,1375.7
41740,2020-11-01,1390.8
41740,2020-10-01,1387.9
41740,2020-09-01,1365.4
41740,2020-08-01,1348.8
41740,2020-07-01,1343.0
41740,2020-06-01,1331.9
41740,2020-05-01,1274.2
41740,2020-04-01,1264.8
41740,2020-03-01,1505.2
41740,2020-02-01,1523.0
41740,2020-01-01,1519.0
41940,2024-12-01,1152.7
41940,2024-11-01,1151.4
41940,2024-10-01,1149.7
41940,2024-09-01,1146.5
41940,2024-08-01,1148.2
41940,2024-07-01,1149.7
41940,2024-06-01,1150.5
41940,2024-05-01,1152.7
41940,2024-04-01,1152.4
41940,2024-03-01,1154.1
41940,2024-02-01,1155.4
41940,2024-01-01,1161.9
41940,2023-12-01,1148.9
41940,2023-11-01,1147.0
41940,2023-10-01,1150.0
41940,2023-09-01,1154.1
41940,2023-08-01,1150.5
41940,2023-07-01,1151.2
41940,2023-06-01,1153.2
41940,2023-05-01,1154.2
41940,2023-04-01,1155.7
41940,2023-03-01,1158.8
41940,2023-02-01,1162.3
41940,2023-01-01,1161.6
41940,2022-12-01,1160.5
41940,2022-11-01,1160.9
41940,2022-10-01,1159.2
41940,2022-09-01,1160.0
41940,2022-08-01,1157.6
41940,2022-07-01,1155.0
41940,2022-06-01,1151.5
41940,2022-05-01,1149.0
41940,2022-04-01,1147.0
41940,2022-03-01,1141.8
41940,2022-02-01,1137.2
41940,2022-01-01,1132.0
41940,2021-12-01,1129.8
41940,2021-11-01,1123.8
41940,2021-10-01,1118.4
41940,2021-09-01,1110.4
41940,2021-08-01,1106.0
41940,2021-07-01,1102.4
41940,2021-06-01,1091.8
41940,2021-05-01,1089.6
41940,2021-04-01,1085.5
41940,2021-03-01,1078.1
41940,2021-02-01,1073.1
41940,2021-01-01,1063.4
41940,2020-12-01,1065.2
41940,2020-11-01,1067.0
41940,2020-10-01,1063.9
41940,2020-09-01,1060.1
41940,2020-08-01,1051.6
41940,2020-07-01,1047.2
41940,2020-06-01,1042.3
41940,2020-05-01,1025.7
41940,2020-04-01,1008.4
41940,2020-03-01,1152.0
41940,2020-02-01,1165.5
41940,2020-01-01,1164.5
40900,2024-12-01,1098.4
40900,2024-11-01,1092.7
40900,2024-10-01,1089.2
40900,2024-09-01,1089.1
40900,2024-08-01,1090.0
40900,2024-07-01,1088.5
40900,2024-06-01,1086.3
40900,2024-05-01,1086.4
40900,2024-04-01,1086.0
40900,2024-03-01,1086.2
40900,2024-02-01,1082.1
40900,2024-01-01,1089.5
40900,2023-12-01,1081.4
40900,2023-11-01,1081.2
40900,2023-10-01,1080.2
40900,2023-09-01,1078.9
40900,2023-08-01,1074.8
40900,2023-07-01,1072.7
40900,2023-06-01,1073.5
40900,2023-05-01,1071.5
40900,2023-04-01,1065.0
40900,2023-03-01,1065.1
40900,2023-02-01,1065.2
40900,2023-01-01,1064.4
40900,2022-12-01,1065.5
40900,2022-11-01,1064.8
40900,2022-10-01,1062.6
40900,2022-09-01,1063.1
40900,2022-08-01,1062.7
40900,2022-07-01,1060.3
40900,2022-06-01,1055.5
40900,2022-05-01,1055.4
40900,2022-04-01,1054.1
40900,2022-03-01,1050.8
40900,2022-02-01,1046.6
40900,2022-01-01,1041.3
40900,2021-12-01,1038.2
40900,2021-11-01,1036.0
40900,2021-10-01,1035.2
40900,2021-09-01,1022.8
40900,2021-08-01,1023.5
40900,2021-07-01,1022.1
40900,2021-06-01,1008.5
40900,2021-05-01,1004.5
40900,2021-04-01,1002.2
40900,2021-03-01,994.5
40900,2021-02-01,988.0
40900,2021-01-01,980.0
40900,2020-12-01,975.7
40900,2020-11-01,980.9
40900,2020-10-01,978.0
40900,2020-09-01,964.3
40900,2020-08-01,952.8
40900,2020-07-01,950.4
40900,2020-06-01,942.1
40900,2020-05-01,910.1
40900,2020-04-01,897.2
40900,2020-03-01,1030.8
40900,2020-02-01,1037.5
40900,2020-01-01,1036.8
19100,2024-12-01,4286.6
19100,2024-11-01,4276.7
19100,2024-10-01,4277.8
19100,2024-09-01,4273.4
19100,2024-08-01,4270.8
19100,2024-07-01,4264.0
19100,2024-06-01,4255.8
19100,2024-05-01,4255.8
19100,2024-04-01,4250.9
19100,2024-03-01,4244.6
19100,2024-02-01,4243.1
19100,2024-01-01,4240.8
19100,2023-12-01,4229.5
19100,2023-11-01,4227.0
19100,2023-10-01,4222.8
19100,2023-09-01,4220.5
19100,2023-08-01,4216.6
19100,2023-07-01,4209.8
19100,2023-06-01,4205.8
19100,2023-05-01,4196.9
19100,2023-04-01,4193.7
19100,2023-03-01,4185.3
19100,2023-02-01,4174.0
19100,2023-01-01,4171.4
19100,2022-12-01,4147.8
19100,2022-11-01,4152.2
19100,2022-10-01,4144.7
19100,2022-09-01,4125.8
19100,2022-08-01,4114.3
19100,2022-07-01,4096.9
19100,2022-06-01,4049.6
19100,2022-05-01,4042.3
19100,2022-04-01,4029.1
19100,2022-03-01,4000.9
19100,2022-02-01,3989.5
19100,2022-01-01,3959.8
19100,2021-12-01,3957.2
19100,2021-11-01,3936.8
19100,2021-10-01,3916.4
19100,2021-09-01,3863.0
19100,2021-08-01,3846.2
19100,2021-07-01,3833.2
19100,2021-06-01,3794.1
19100,2021-05-01,3773.3
19100,2021-04-01,3759.0
19100,2021-03-01,3748.9
19100,2021-02-01,3709.5
19100,2021-01-01,3720.4
19100,2020-12-01,3705.9
19100,2020-11-01,3689.5
19100,2020-10-01,3673.7
19100,2020-09-01,3631.5
19100,2020-08-01,3605.9
19100,2020-07-01,3571.2
19100,2020-06-01,3547.8
19100,2020-05-01,3473.2
19100,2020-04-01,3394.9
19100,2020-03-01,3814.6
19100,2020-02-01,3836.2
19100,2020-01-01,3828.7
26420,2024-12-01,3456.9
26420,2024-11-01,3449.5
26420,2024-10-01,3440.7
26420,2024-09-01,3444.8
26420,2024-08-01,3439.7
26420,2024-07-01,3392.3
26420,2024-06-01,3439.0
26420,2024-05-01,3435.5
26420,2024-04-01,3431.1
26420,2024-03-01,3426.7
26420,2024-02-01,3418.0
26420,2024-01-01,3413.8
26420,2023-12-01,3411.0
26420,2023-11-01,3404.3
26420,2023-10-01,3401.8
26420,2023-09-01,3401.0
26420,2023-08-01,3386.9
26420,2023-07-01,3369.5
26420,2023-06-01,3385.8
26420,2023-05-01,3375.8
26420,2023-04-01,3369.8
26420,2023-03-01,3362.4
26420,2023-02-01,3352.9
26420,2023-01-01,3346.4
26420,2022-12-01,3330.4
26420,2022-11-01,3321.1
26420,2022-10-01,3307.9
26420,2022-09-01,3293.1
26420,2022-08-01,3281.7
26420,2022-07-01,3263.3
26420,2022-06-01,3237.1
26420,2022-05-01,3233.2
26420,2022-04-01,3221.9
26420,2022-03-01,3197.1
26420,2022-02-01,3185.7
26420,2022-01-01,3167.4
26420,2021-12-01,3176.8
26420,2021-11-01,3159.9
26420,2021-10-01,3142.1
26420,2021-09-01,3104.7
26420,2021-08-01,3091.2
26420,2021-07-01,3077.4
26420,2021-06-01,3054.9
26420,2021-05-01,3042.4
26420,2021-04-01,3031.5
26420,2021-03-01,3021.7
26420,2021-02-01,2991.9
26420,2021-01-01,3003.3
26420,2020-12-01,3000.2
26420,2020-11-01,2996.3
26420,2020-10-01,2977.9
26420,2020-09-01,2957.0
26420,2020-08-01,2938.4
26420,2020-07-01,2917.3
26420,2020-06-01,2937.3
26420,2020-05-01,2893.1
26420,2020-04-01,2834.5
26420,2020-03-01,3180.5
26420,2020-02-01,3199.8
26420,2020-01-01,3192.9
12420,2024-12-01,1368.9
12420,2024-11-01,1365.4
12420,2024-10-01,1363.8
12420,2024-09-01,1367.9
12420,2024-08-01,1363.1
12420,2024-07-01,1361.0
12420,2024-06-01,1357.1
12420,2024-05-01,1355.9
12420,2024-04-01,1353.9
12420,2024-03-01,1351.3
12420,2024-02-01,1349.9
12420,2024-01-01,1347.6
12420,2023-12-01,1345.6
12420,2023-11-01,1342.7
12420,2023-10-01,1339.9
12420,2023-09-01,1336.2
12420,2023-08-01,1334.2
12420,2023-07-01,1330.6
12420,2023-06-01,1331.6
12420,2023-05-01,1325.3
12420,2023-04-01,1323.8
12420,2023-03-01,1321.8
12420,2023-02-01,1317.8
12420,2023-01-01,1315.5
12420,2022-12-01,1310.2
12420,2022-11-01,1307.5
12420,2022-10-01,1304.0
12420,2022-09-01,1299.8
12420,2022-08-01,1296.2
12420,2022-07-01,1289.5
12420,2022-06-01,1266.4
12420,2022-05-01,1262.1
12420,2022-04-01,1257.6
12420,2022-03-01,1245.4
12420,2022-02-01,1242.2
12420,2022-01-01,1231.2
12420,2021-12-01,1231.4
12420,2021-11-01,1222.0
12420,2021-10-01,1214.8
12420,2021-09-01,1194.8
12420,2021-08-01,1188.1
12420,2021-07-01,1182.0
12420,2021-06-01,1161.9
12420,2021-05-01,1152.8
12420,2021-04-01,1141.7
12420,2021-03-01,1131.7
12420,2021-02-01,1120.1
12420,2021-01-01,1122.4
12420,2020-12-01,1118.8
12420,2020-11-01,1109.4
12420,2020-10-01,1102.2
12420,2020-09-01,1091.1
12420,2020-08-01,1081.2
12420,2020-07-01,1067.9
12420,2020-06-01,1054.0
12420,2020-05-01,1028.4
12420,2020-04-01,1003.1
12420,2020-03-01,1141.8
12420,2020-02-01,1149.7
12420,2020-01-01,1147.5
41700,2024-12-01,1192.1
41700,2024-11-01,1191.3
41700,2024-10-01,1189.6
41700,2024-09-01,1187.6
41700,2024-08-01,1186.2
41700,2024-07-01,1182.6
41700,2024-06-01,1181.6
41700,2024-05-01,1180.0
41700,2024-04-01,1178.2
41700,2024-03-01,1175.1
41700,2024-02-01,1174.8
41700,2024-01-01,1174.3
41700,2023-12-01,1172.8
41700,2023-11-01,1172.3
41700,2023-10-01,1170.7
41700,2023-09-01,1167.6
41700,2023-08-01,1165.7
41700,2023-07-01,1163.4
41700,2023-06-01,1161.5
41700,2023-05-01,1156.8
41700,2023-04-01,1156.7
41700,2023-03-01,1156.9
41700,2023-02-01,1153.0
41700,2023-01-01,1149.1
41700,2022-12-01,1145.1
41700,2022-11-01,1141.7
41700,2022-10-01,1139.5
41700,2022-09-01,1137.4
41700,2022-08-01,1134.6
41700,2022-07-01,1131.6
41700,2022-06-01,1118.1
41700,2022-05-01,1116.8
41700,2022-04-01,1115.8
41700,2022-03-01,1111.6
41700,2022-02-01,1106.3
41700,2022-01-01,1101.2
41700,2021-12-01,1097.3
41700,2021-11-01,1092.5
41700,2021-10-01,1088.8
41700,2021-09-01,1074.1
41700,2021-08-01,1069.5
41700,2021-07-01,1066.5
41700,2021-06-01,1061.0
41700,2021-05-01,1055.0
41700,2021-04-01,1049.3
41700,2021-03-01,1043.7
41700,2021-02-01,1028.2
41700,2021-01-01,1034.9
41700,2020-12-01,1038.7
41700,2020-11-01,1034.1
41700,2020-10-01,1028.7
41700,2020-09-01,1021.2
41700,2020-08-01,1013.6
41700,2020-07-01,998.5
41700,2020-06-01,1004.0
41700,2020-05-01,977.0
41700,2020-04-01,952.6
41700,2020-03-01,1082.3
41700,2020-02-01,1084.3
41700,2020-01-01,1085.5
38060,2024-12-01,2449.0
38060,2024-11-01,2443.6
38060,2024-10-01,2438.3
38060,2024-09-01,2432.1
38060,2024-08-01,2423.8
38060,2024-07-01,2424.8
38060,2024-06-01,2449.4
38060,2024-05-01,2450.4
38060,2024-04-01,2454.1
38060,2024-03-01,2466.1
38060,2024-02-01,2461.5
38060,2024-01-01,2458.9
38060,2023-12-01,2423.4
38060,2023-11-01,2413.1
38060,2023-10-01,2401.0
38060,2023-09-01,2434.0
38060,2023-08-01,2425.4
38060,2023-07-01,2418.0
38060,2023-06-01,2417.0
38060,2023-05-01,2408.0
38060,2023-04-01,2400.1
38060,2023-03-01,2382.7
38060,2023-02-01,2381.3
38060,2023-01-01,2376.0
38060,2022-12-01,2362.5
38060,2022-11-01,2364.1
38060,2022-10-01,2357.1
38060,2022-09-01,2353.6
38060,2022-08-01,2350.3
38060,2022-07-01,2345.7
38060,2022-06-01,2333.0
38060,2022-05-01,2331.2
38060,2022-04-01,2319.0
38060,2022-03-01,2297.8
38060,2022-02-01,2293.3
38060,2022-01-01,2282.1
38060,2021-12-01,2276.9
38060,2021-11-01,2263.2
38060,2021-10-01,2259.3
38060,2021-09-01,2244.2
38060,2021-08-01,2239.4
38060,2021-07-01,2228.5
38060,2021-06-01,2218.9
38060,2021-05-01,2201.6
38060,2021-04-01,2186.6
38060,2021-03-01,2183.5
38060,2021-02-01,2170.3
38060,2021-01-01,2163.1
38060,2020-12-01,2154.7
38060,2020-11-01,2146.8
38060,2020-10-01,2132.9
38060,2020-09-01,2112.5
38060,2020-08-01,2098.2
38060,2020-07-01,2072.1
38060,2020-06-01,2089.9
38060,2020-05-01,2037.9
38060,2020-04-01,1971.0
38060,2020-03-01,2210.7
38060,2020-02-01,2221.0
38060,2020-01-01,2221.4
16740,2024-12-01,1389.3
16740,2024-11-01,1384.1
16740,2024-10-01,1378.4
16740,2024-09-01,1380.3
16740,2024-08-01,1377.5
16740,2024-07-01,1376.2
16740,2024-06-01,1377.2
16740,2024-05-01,1376.5
16740,2024-04-01,1375.4
16740,2024-03-01,1372.3
16740,2024-02-01,1370.9
16740,2024-01-01,1370.0
16740,2023-12-01,1369.1
16740,2023-11-01,1367.2
16740,2023-10-01,1366.2
16740,2023-09-01,1363.7
16740,2023-08-01,1362.6
16740,2023-07-01,1360.2
16740,2023-06-01,1361.6
16740,2023-05-01,1352.5
16740,2023-04-01,1349.8
16740,2023-03-01,1348.4
16740,2023-02-01,1346.2
16740,2023-01-01,1345.9
16740,2022-12-01,1336.9
16740,2022-11-01,1336.3
16740,2022-10-01,1334.1
16740,2022-09-01,1332.9
16740,2022-08-01,1329.9
16740,2022-07-01,1326.0
16740,2022-06-01,1321.2
16740,2022-05-01,1318.0
16740,2022-04-01,1314.9
16740,2022-03-01,1310.6
16740,2022-02-01,1305.9
16740,2022-01-01,1294.9
16740,2021-12-01,1295.0
16740,2021-11-01,1290.8
16740,2021-10-01,1286.4
16740,2021-09-01,1267.0
16740,2021-08-01,1264.2
16740,2021-07-01,1262.1
16740,2021-06-01,1256.9
16740,2021-05-01,1255.7
16740,2021-04-01,1252.5
16740,2021-03-01,1249.1
16740,2021-02-01,1245.6
16740,2021-01-01,1242.8
16740,2020-12-01,1243.8
16740,2020-11-01,1242.1
16740,2020-10-01,1238.8
16740,2020-09-01,1218.4
16740,2020-08-01,1207.3
16740,2020-07-01,1193.3
16740,2020-06-01,1180.8
16740,2020-05-01,1140.8
16740,2020-04-01,1117.8
16740,2020-03-01,1267.4
16740,2020-02-01,1274.5
16740,2020-01-01,1271.6
39580,2024-12-01,753.2
39580,2024-11-01,750.9
39580,2024-10-01,748.7
39580,2024-09-01,750.9
39580,2024-08-01,748.1
39580,2024-07-01,747.8
39580,2024-06-01,746.6
39580,2024-05-01,747.9
39580,2024-04-01,747.2
39580,2024-03-01,744.1
39580,2024-02-01,742.3
39580,2024-01-01,741.5
39580,2023-12-01,740.9
39580,2023-11-01,737.0
39580,2023-10-01,735.0
39580,2023-09-01,733.0
39580,2023-08-01,732.9
39580,2023-07-01,730.6
39580,2023-06-01,732.0
39580,2023-05-01,724.8
39580,2023-04-01,722.3
39580,2023-03-01,721.9
39580,2023-02-01,720.8
39580,2023-01-01,718.7
39580,2022-12-01,714.2
39580,2022-11-01,713.8
39580,2022-10-01,711.1
39580,2022-09-01,711.6
39580,2022-08-01,712.0
39580,2022-07-01,710.9
39580,2022-06-01,703.1
39580,2022-05-01,698.8
39580,2022-04-01,697.3
39580,2022-03-01,694.1
39580,2022-02-01,690.1
39580,2022-01-01,683.8
39580,2021-12-01,683.8
39580,2021-11-01,680.7
39580,2021-10-01,678.2
39580,2021-09-01,671.3
39580,2021-08-01,672.7
39580,2021-07-01,673.7
39580,2021-06-01,667.7
39580,2021-05-01,663.4
39580,2021-04-01,657.5
39580,2021-03-01,653.3
39580,2021-02-01,647.9
39580,2021-01-01,645.4
39580,2020-12-01,645.2
39580,2020-11-01,640.8
39580,2020-10-01,637.0
39580,2020-09-01,630.8
39580,2020-08-01,623.5
39580,2020-07-01,614.4
39580,2020-06-01,606.1
39580,2020-05-01,587.3
39580,2020-04-01,576.9
39580,2020-03-01,656.4
39580,2020-02-01,658.1
39580,2020-01-01,656.6
34980,2024-12-01,1189.5
34980,2024-11-01,1185.1
34980,2024-10-01,1185.5
34980,2024-09-01,1188.9
34980,2024-08-01,1188.5
34980,2024-07-01,1186.3
34980,2024-06-01,1190.1
34980,2024-05-01,1185.8
34980,2024-04-01,1183.3
34980,2024-03-01,1184.0
34980,2024-02-01,1179.1
34980,2024-01-01,1177.4
34980,2023-12-01,1175.6
34980,2023-11-01,1173.8
34980,2023-10-01,1171.6
34980,2023-09-01,1170.3
34980,2023-08-01,1165.6
34980,2023-07-01,1165.2
34980,2023-06-01,1168.2
34980,2023-05-01,1161.2
34980,2023-04-01,1159.4
34980,2023-03-01,1155.7
34980,2023-02-01,1154.6
34980,2023-01-01,1152.6
34980,2022-12-01,1145.7
34980,2022-11-01,1144.7
34980,2022-10-01,1141.9
34980,2022-09-01,1139.9
34980,2022-08-01,1135.8
34980,2022-07-01,1130.9
34980,2022-06-01,1125.7
34980,2022-05-01,1120.9
34980,2022-04-01,1117.8
34980,2022-03-01,1111.7
34980,2022-02-01,1106.1
34980,2022-01-01,1098.2
34980,2021-12-01,1093.3
34980,2021-11-01,1085.0
34980,2021-10-01,1079.8
34980,2021-09-01,1066.7
34980,2021-08-01,1068.9
34980,2021-07-01,1060.8
34980,2021-06-01,1049.6
34980,2021-05-01,1043.1
34980,2021-04-01,1036.9
34980,2021-03-01,1034.2
34980,2021-02-01,1025.4
34980,2021-01-01,1026.1
34980,2020-12-01,1030.2
34980,2020-11-01,1024.8
34980,2020-10-01,1011.9
34980,2020-09-01,996.3
34980,2020-08-01,991.0
34980,2020-07-01,977.7
34980,2020-06-01,966.6
34980,2020-05-01,933.5
34980,2020-04-01,918.0
34980,2020-03-01,1055.8
34980,2020-02-01,1060.3
34980,2020-01-01,1061.2
24860,2024-12-01,476.1
24860,2024-11-01,474.8
24860,2024-10-01,472.4
24860,2024-09-01,473.3
24860,2024-08-01,471.9
24860,2024-07-01,469.9
24860,2024-06-01,470.3
24860,2024-05-01,470.1
24860,2024-04-01,471.6
24860,2024-03-01,469.2
24860,2024-02-01,467.9
24860,2024-01-01,467.4
24860,2023-12-01,466.4
24860,2023-11-01,466.1
24860,2023-10-01,466.0
24860,2023-09-01,466.9
24860,2023-08-01,463.9
24860,2023-07-01,463.2
24860,2023-06-01,461.9
24860,2023-05-01,458.9
24860,2023-04-01,459.9
24860,2023-03-01,460.2
24860,2023-02-01,459.5
24860,2023-01-01,460.0
24860,2022-12-01,455.4
24860,2022-11-01,455.9
24860,2022-10-01,455.4
24860,2022-09-01,456.0
24860,2022-08-01,454.3
24860,2022-07-01,453.6
24860,2022-06-01,450.9
24860,2022-05-01,449.8
24860,2022-04-01,448.1
24860,2022-03-01,445.0
24860,2022-02-01,445.7
24860,2022-01-01,442.0
24860,2021-12-01,440.4
24860,2021-11-01,439.2
24860,2021-10-01,437.0
24860,2021-09-01,434.0
24860,2021-08-01,432.8
24860,2021-07-01,431.7
24860,2021-06-01,425.1
24860,2021-05-01,424.4
24860,2021-04-01,423.6
24860,2021-03-01,424.8
24860,2021-02-01,423.7
24860,2021-01-01,422.2
24860,2020-12-01,422.4
24860,2020-11-01,420.3
24860,2020-10-01,418.7
24860,2020-09-01,415.1
24860,2020-08-01,412.8
24860,2020-07-01,405.5
24860,2020-06-01,399.1
24860,2020-05-01,385.0
24860,2020-04-01,373.1
24860,2020-03-01,432.8
24860,2020-02-01,434.1
24860,2020-01-01,435.2
16700,2024-12-01,428.8
16700,2024-11-01,428.1
16700,2024-10-01,427.4
16700,2024-09-01,424.7
16700,2024-08-01,423.3
16700,2024-07-01,422.0
16700,2024-06-01,422.1
16700,2024-05-01,421.7
16700,2024-04-01,421.1
16700,2024-03-01,421.5
16700,2024-02-01,419.2
16700,2024-01-01,417.6
16700,2023-12-01,417.7
16700,2023-11-01,417.5
16700,2023-10-01,416.3
16700,2023-09-01,415.7
16700,2023-08-01,413.4
16700,2023-07-01,412.5
16700,2023-06-01,412.0
16700,2023-05-01,410.4
16700,2023-04-01,408.8
16700,2023-03-01,406.8
16700,2023-02-01,405.0
16700,2023-01-01,403.6
16700,2022-12-01,400.9
16700,2022-11-01,399.7
16700,2022-10-01,398.6
16700,2022-09-01,398.0
16700,2022-08-01,395.7
16700,2022-07-01,395.0
16700,2022-06-01,390.4
16700,2022-05-01,388.6
16700,2022-04-01,386.7
16700,2022-03-01,385.2
16700,2022-02-01,385.1
16700,2022-01-01,382.4
16700,2021-12-01,380.8
16700,2021-11-01,378.2
16700,2021-10-01,376.8
16700,2021-09-01,374.2
16700,2021-08-01,373.7
16700,2021-07-01,372.3
16700,2021-06-01,369.0
16700,2021-05-01,366.4
16700,2021-04-01,365.5
16700,2021-03-01,364.5
16700,2021-02-01,363.0
16700,2021-01-01,362.2
16700,2020-12-01,361.5
16700,2020-11-01,359.2
16700,2020-10-01,357.1
16700,2020-09-01,353.2
16700,2020-08-01,350.6
16700,2020-07-01,345.2
16700,2020-06-01,342.8
16700,2020-05-01,331.2
16700,2020-04-01,317.6
16700,2020-03-01,375.4
16700,2020-02-01,377.4
16700,2020-01-01,377.7
15380,2024-12-01,560.7
15380,2024-11-01,559.1
15380,2024-10-01,557.6
15380,2024-09-01,554.7
15380,2024-08-01,554.2
15380,2024-07-01,554.9
15380,2024-06-01,557.1
15380,2024-05-01,557.3
15380,2024-04-01,558.7
15380,2024-03-01,556.4
15380,2024-02-01,554.7
15380,2024-01-01,552.6
15380,2023-12-01,552.5
15380,2023-11-01,552.9
15380,2023-10-01,553.6
15380,2023-09-01,554.7
15380,2023-08-01,553.4
15380,2023-07-01,553.9
15380,2023-06-01,552.6
15380,2023-05-01,551.2
15380,2023-04-01,550.9
15380,2023-03-01,549.5
15380,2023-02-01,550.2
15380,2023-01-01,552.9
15380,2022-12-01,548.2
15380,2022-11-01,547.7
15380,2022-10-01,546.6
15380,2022-09-01,544.3
15380,2022-08-01,544.9
15380,2022-07-01,543.3
15380,2022-06-01,543.6
15380,2022-05-01,542.6
15380,2022-04-01,540.3
15380,2022-03-01,543.5
15380,2022-02-01,542.2
15380,2022-01-01,539.5
15380,2021-12-01,539.8
15380,2021-11-01,538.3
15380,2021-10-01,533.5
15380,2021-09-01,529.7
15380,2021-08-01,529.9
15380,2021-07-01,528.8
15380,2021-06-01,526.1
15380,2021-05-01,524.7
15380,2021-04-01,524.2
15380,2021-03-01,521.5
15380,2021-02-01,517.6
15380,2021-01-01,515.0
15380,2020-12-01,507.6
15380,2020-11-01,520.5
15380,2020-10-01,519.3
15380,2020-09-01,515.7
15380,2020-08-01,503.8
15380,2020-07-01,494.4
15380,2020-06-01,482.5
15380,2020-05-01,455.3
15380,2020-04-01,446.2
15380,2020-03-01,562.5
15380,2020-02-01,567.5
15380,2020-01-01,566.4
47260,2024-12-01,827.0
47260,2024-11-01,826.8
47260,2024-10-01,826.1
47260,2024-09-01,825.2
47260,2024-08-01,822.8
47260,2024-07-01,821.7
47260,2024-06-01,821.6
47260,2024-05-01,821.4
47260,2024-04-01,821.7
47260,2024-03-01,821.2
47260,2024-02-01,819.8
47260,2024-01-01,818.8
47260,2023-12-01,816.6
47260,2023-11-01,814.8
47260,2023-10-01,816.1
47260,2023-09-01,815.6
47260,2023-08-01,813.1
47260,2023-07-01,813.0
47260,2023-06-01,811.3
47260,2023-05-01,809.1
47260,2023-04-01,807.7
47260,2023-03-01,806.7
47260,2023-02-01,806.4
47260,2023-01-01,804.7
47260,2022-12-01,800.7
47260,2022-11-01,800.1
47260,2022-10-01,797.0
47260,2022-09-01,798.1
47260,2022-08-01,797.0
47260,2022-07-01,794.7
47260,2022-06-01,791.1
47260,2022-05-01,792.4
47260,2022-04-01,791.5
47260,2022-03-01,788.5
47260,2022-02-01,786.4
47260,2022-01-01,781.5
47260,2021-12-01,786.1
47260,2021-11-01,784.7
47260,2021-10-01,781.2
47260,2021-09-01,777.1
47260,2021-08-01,778.0
47260,2021-07-01,778.0
47260,2021-06-01,771.4
47260,2021-05-01,770.6
47260,2021-04-01,769.2
47260,2021-03-01,769.0
47260,2021-02-01,767.6
47260,2021-01-01,767.8
47260,2020-12-01,767.4
47260,2020-11-01,765.9
47260,2020-10-01,764.7
47260,2020-09-01,760.1
47260,2020-08-01,749.8
47260,2020-07-01,742.1
47260,2020-06-01,730.5
47260,2020-05-01,711.8
47260,2020-04-01,704.9
47260,2020-03-01,800.6
47260,2020-02-01,805.7
47260,2020-01-01,807.3
